Username,Solana Address
04sveta04,AxrxnHv3UoNaPZSSW1GJbatzBqX4KPuegYJUFhyEyJaZ
0xabir,63xQBMG7MdVaHqxiwJc8D3xw7UmiE4Kbxjr9zro4EQzV
0xjan,7PwkrF1j5Hqamwu1okW616ZqSWBuwApL4szz9ksx27o5
0xjudd.eth,7TVSueqGhJv67tZy4o4Y8oDqJ3LYbETY3Quj27acSPjM
0xproject,4QgtF8rKENVtQN2iL5r35qYy2jgZXgScCtQ18b6nboUy
6969,31tYDteAeXd1QwbMiM2w8vLuCZGUmyqddXnAnWyC1yB5
abeg007.eth,8bQx9XgBLuLximYfxoJR322t5eivPBb3mTBfwve7QmJh
afraa,2izq2QMZH5EQr5KvnVrRGMAPbTFDprKuaHgBzSPxVfKE
amarsadaqat,4HFLWavxSpzQpffjs2jopLVArh1yQctPx2FzKGx86oJ2
arttrick,5gMmsvuPUy9aFiWVs8YQ7tAmdSzW5CFaTnGcDMfNGVET
bestcryptotwits,ABScnWTzjcR4dGXzXHW1VR7ecwUXPYxeYNsFcDGfQq4q
bgs25,B9a3cAuMPLoYmeHokZ1eTGHXrbfeUbV7CmA3tM1XTtyH
bijoyraj,GRXDA9rSRaRGBVPiVuZSxGpPgfWsRPf4r8gAfmJ3ew9Q
bytebot,DpUDc3xn3thc2KABzJFAVnY1FowaXfjNkmd8XHoTBT2p
captainphilips,Gx6hSpWBYAuPTrZEPh3SHPWZZAoYxujdFezSfYoKoVC6
ciocana.eth,7T7irBL87S8gduA4DMm5mFvFYQW3zCtQqQxcuixvnvBW
cryptoevmos.eth,AqALBqQfYNmmREqpzEFL8GSqqzWj1gvrGrs2KLe9zo7J
cryptoourgurukul,51K1NhJ46LiE4WuzDGU7EhniKKPV7hEcPKvCiut1BuQV
devforlife.eth,HMmd2BartLH328HcuggjcTnbc2tMTqw8iCYMrDjtBiAb
dyoungest,BgRKH1y1B5yy69C8qRew8hMmw8pRs6E16nzzW5hNfBqD
edercruz,31HJG7GfVDbA2hRdNYgZMbW8caeYzkQaPe2u7Ms1Xxwr
edyhoky87,HKU8S9n3pMduAbScpUEVATn8YuxCpDphhq8Gi8rpzVtJ
elya,4NB9E3ASK4KS6jmTjoGLh6VPmAHVioD8bG4ALowYRT3E
fabriziorom,FmvmkcVh6QMzGQrYS8jM7JT6jzAAxxWjub8a66SFDpQM
fahime,HmVre1UrXkWgbdxUvCraDwSbtS6w9cTuuuPv44WtJgS9
farshads,4wz4hTRcoXJFgpNyij9q6qPGJ6csiuxQJ7GbTKzxoQh2
foreign,49ibxQ2AiapGwpEEmJHjugbqZ7YJhPLDboiNf7zK5HAR
greenginger,3643iWwacdV9jWqTpFXCeXGwbwghUoVHmtVyDWwCxmRK
halee,2Wh6bu3wpqXgg4zGHeee4JhjJmgdaLqrXZxdw8rop8KS
hurric4n3ike,Cmm9gLP6MgaFfjBFPosQsdrpGQZx41DAc5sB3TXCQDrg
iomarkes,G2P7NLLfG8EcXjndX512uaUzRKEAAsXDhjo7M9uRLqGp
ishika,Bm5Zanszt3SgHLrhRVqskxSdPnpLVFVau5dJav6pyvC8
jacek,7MrhfthztJXyv2bM15NWQeQfrX2JgWhwAvVCgywQaYwq
jdotfinn,9bPV6TgfVNueHmCBv8Vp1sQQ8FK1MZueUpvMzYJ1cK7U
jeann,FN1VzRvwQQp5gBMdEr5VFehpMexThZjAc9D6DXDansrB
joshisdead.eth,EE1wsFhCcseYyyNp7W7qef3tr2QhZKnwwKcuVCHC3j3B
joyboy,EP1WGf6Jk8cKnMDnrbJu3PHYGLK65dgn8EQBPr35Nznr
junyboy.eth,DCHqFbsTnqY3pss6L32LmtdpcjLaY4SJsFNMizLtq949
juujuumama.eth,8wDgM5dPW7swGUhFnypCusmBUVrZmqRKS8xhGE5AWX4R
komol0,AKC7KHtnWW9AqtbanKfBFvJi8TSnwuQx3UvdZLdXNdjB
lefteris.eth,GSdS5VPpMHNBKfhWvxLWDXVqtdZJVicRUW3Ck1f4yDBc
leovido.eth,FxAiqjU3Hbee863f9PxDwm5xaaf1NC1XFNW3o46EnM7p
libapi.eth,FGyYiWQWmSim2uxf3VGep4EQywGvKgFgXLGdVT2FDaGK
lordkeeper.base.eth,DBQYkvVK9bMzX449A5mwgJ2u83D5rdq8UebzsvwUhdRN
luckynguyen,CMvnJXMMf6PZqdgVpM8nNgx7c1hC8GWigtEecgXck1GU
lulolezz,FJjKiSDr25m7aqgHqfMvzJjGqK5BgH29xBUymDtjokFJ
lxtxcx,dCYzh5KXbKYsXHxNt5cr2pMvsMPbuksGnV3LmAYTmyp
lystenlyst,8ap34QDjQ7zzaTd3ChZxydUQf922ENAvfy6CRG7aBjWG
matarcaesar,ESNFp6PnXHQzpkascrtyKuke6nnCLcwwWvdBMDdjg75X
matchaxyz,9FWSj2BnRaLnNkKaZHQbDqttYvFWwwfF6rdD2yMikCum
mcoso.eth,AiFthVkNYGHQ3w52oNZXiWdsaCZC4S4QozpYicscF2we
meduse,
mijan444,7w7NNXCMWv57UCoVKpAraGPC8pYE7eb6P9QcJiHSH8YT
mikedemarais.eth,4Sur7qwxPcEAWYZcsiGhFSvxjpUCG6dwDzbzQzg3nonH
mohamedrafi,5rcrbf5545cLEwFvXKzrqnsykQAfkhR9xFHTCA9wvhsV
moong2.base.eth,7KVhzrMn3Pu9AqyyPzUKZ3g2q3PPSsKJX1saJ8QbHmLC
moooneth,Ac3kzQr7JZrtynwHjiV3K29Ex4MD5nyScYWacqGgKZUZ
mrrobot,G5PJd7Hh3FZ2zEczJ1VUL3vAXmGc5qjzAueHHx8AjETN
neonevm,Fgt5FSynRniN3mkZdiwZbcUxe3D6ZmewNnNuyQhseh5g
oibelart,2QHn1QfzM2aKPKEthY7LcWV7CPrT2amYF6nrRewGhLR7
papa,4FzyJeDxqRn2SKwVLdh2gi9MCvrSvgkCvHDZnNyBpd5v
peterchimeziec,EgtheD1q8kfhM1Fi2oBQzFWyQgWPy5myU6h4kRitB9Ue
petko,7EWCt1mXVaP1vpqC6mVwXCPk7eQHMnCDuNt99CRRALAs
picks0,3FJMdJYhMXZXkFN74XqH3ERW28EAMxyXZLeQTt51RiNR
plabon,3vuXUn7K6GtxSV2XEkuRfHtKi4Vjvcx4YFUNaPsGFSK9
pluggg4u,9aQ15qWMC1dGH9htGjj4TkNGjGwui8VNSuqXFQaybmLb
prove,GgQTYMNAKa2As8HVLJkPQtSd6VhFts4oGpdfwu71zBwa
ptrck,2xXygejEnAZcjVUUT5MgYAKFqkGbMD2i8jPWw9DjiTJW
quillingqualia.eth,5KafK7u67x6egWWbBzPex6yyJmF2LJTAfG7JujTCAC2K
ranggapuraji,EwAYrWWXhhkxGkP8vxZ1fX95ZkSBtCztJ6EHKZ4PHxF4
sayko,84tmHMc9BmjGNiQAf9QZqZhpvczcNgL7cucMB48gwRoq
skyzo,EjyyrgF8Fea5oU327hPXGaR1tCXuYbDCwg1aG5p2SuGx
solavesh,GAjXY3NAogwJjEXj9Y1MTtvX736wS3rTCtjDg9sZPKmY
tornado-,3G97yqNeFkfJYWTkt37bf8Xj4QmaW36AKVcBaohnarTC
ttytyverymuch,7TSfGXY3hZw9DTSEjXCVMpMdj22rtmYkt92XXUWKCGkG
turjoy85,Ax7zikDTd6g6z6h2BKMwuS7pnSM8dVDFdK71U3Ntrt5i
unizsawp,E7b1DYvrQePsct2qHKbu9hFB41LAMgHGdbp91fbKpnE1
vanillasky,GMnV2cZByVENuyzokoWdPqYMdWZa62omgz1h4QuAsKjj
vatalik,AgEo1u5Lg3B5Yp4cKMiSsVJqwpmUesPuSgHETqha939X
vexalus,8NdcaYUC1X5CP7FMDip78uqtqmCt8GcZdCzLRTYTihmb
watchcoin,GrKnWv6NJoM3sZJpQZKgKw3hF4AdoxNNh8BLivEXPjzu
yanlucasmigone,By1NhasJiTTsKC53WJV1w5kzg2CeUBY1Ps2eVLvvcGZb
yoshiromare.eth,CFFyM3FxmT9yVESW8D82TC5xsczpX2LAJbY1RqkSM3eJ
zinger,6qemckK3fajDuKhVNyvRxNd9a3ubFXxMWkHSEgMVxxov